dog,height,weight,life,Affectionate With Family,Good With Young Children,Good With Other Dogs,Shedding Level,Coat Grooming Frequency,Drooling Level,Coat Length,Openness To Strangers,Playfulness Level,Watchdog/Protective Nature,Adaptability Level,Trainability Level,Energy Level,Barking Level,Mental Stimulation Needs,popularity_rank,marking,temp,black_color,white_color,red_color,Coat Type_double,Coat Type_others,Coat Type_smooth,bmi
affenpinscher,0.14705882352941177,0.018421052631578946,0.6086956521739131,0.5,0.5,0.5,0.5,0.5,0.0,0.5,1.0,0.5,0.5,0.75,0.5,0.5,0.5,0.5,0.8020304568527918,1.0,0.25,1.0,0.0,1.0,0.0,1.0,0.0,0.050838551473486
afghan-hound,0.7647058823529411,0.2631578947368421,0.7391304347826086,0.5,0.5,0.5,0.0,0.75,0.0,1.0,0.5,0.5,0.5,0.5,0.0,0.75,0.5,0.5,0.5736040609137056,1.0,0.25,1.0,1.0,1.0,0.0,1.0,0.0,0.24941306449385445
airedale-terrier,0.6470588235294118,0.2894736842105263,0.5217391304347826,0.5,0.5,0.5,0.0,0.5,0.0,0.5,0.5,0.5,1.0,0.5,0.5,0.5,0.5,0.5,0.3096446700507614,0.0,0.25,1.0,0.0,0.0,0.0,1.0,0.0,0.32557958004839593
akita,0.803921568627451,0.5789473684210527,0.4782608695652174,0.5,0.5,0.0,0.5,0.5,0.0,0.5,0.25,0.5,1.0,0.5,0.5,0.75,0.25,0.5,0.25888324873096447,1.0,0.5,1.0,1.0,1.0,1.0,0.0,0.0,0.5804242303344638
alaskan-klee-kai,0.38235294117647056,0.25268484977626254,0.6956521739130435,0.5,0.5,1.0,0.5,0.5,0.0,0.5,0.0,0.5,0.5,0.5,0.5,0.5,0.5,0.5,1.0,0.0,0.75,1.0,1.0,1.0,1.0,0.0,0.0,0.4264737406815777
alaskan-malamute,0.7254901960784313,0.42105263157894735,0.4782608695652174,0.5,0.5,0.5,0.5,0.5,0.0,0.5,0.5,0.5,0.75,0.5,1.0,0.75,0.5,0.5,0.3401015228426396,1.0,0.5,1.0,1.0,1.0,1.0,0.0,0.0,0.4477558348294434
american-bulldog,0.6666666666666666,0.4342105263157895,0.391304347826087,1.0,0.5,0.5,0.25,0.25,0.0,0.0,0.5,0.5,0.5,0.75,0.75,0.5,0.0,0.5,1.0,1.0,0.25,1.0,1.0,0.0,0.0,0.0,1.0,0.4976889873562779
american-english-coonhound,0.7254901960784313,0.2631578947368421,0.43478260869565216,0.5,0.5,1.0,0.25,0.0,0.0,0.0,0.5,0.5,0.5,0.5,0.5,0.75,0.75,0.5,0.9289340101522843,1.0,0.5,1.0,1.0,1.0,0.0,0.0,1.0,0.26247755834829445
american-eskimo-dog,0.4117647058823529,0.13157894736842105,0.6521739130434783,1.0,1.0,0.5,0.5,0.5,0.0,0.5,1.0,0.5,0.5,0.75,0.75,0.75,0.5,0.5,0.6142131979695431,0.0,0.75,0.0,1.0,0.0,1.0,0.0,0.0,0.19526877178160312
american-foxhound,0.6666666666666666,0.32894736842105265,0.4782608695652174,0.5,1.0,1.0,0.5,0.0,0.0,0.0,0.5,0.5,0.5,0.5,0.5,0.75,1.0,0.5,0.9847715736040609,0.0,0.5,1.0,1.0,1.0,0.0,0.0,1.0,0.36628595439092404
american-hairless-terrier,0.29411764705882354,0.04736842105263158,0.7391304347826086,1.0,1.0,0.5,0.0,0.0,0.0,0.0,0.5,0.5,0.5,1.0,1.0,0.5,0.5,0.5,0.6802030456852792,1.0,0.25,1.0,1.0,1.0,0.0,1.0,0.0,0.07719928186714542
american-leopard-hound,0.4974212952113116,0.25268484977626254,0.6086956521739131,0.5,1.0,1.0,0.5,0.0,0.0,0.0,0.0,0.5,1.0,1.0,0.5,0.75,1.0,1.0,1.0,1.0,0.0,1.0,0.0,1.0,0.0,0.0,1.0,0.34943660908349244
american-staffordshire-terrier,0.47058823529411764,0.3026315789473684,0.6521739130434783,1.0,0.5,0.5,0.25,0.0,0.0,0.0,0.75,0.5,1.0,0.5,0.5,0.5,0.5,0.5,0.40609137055837563,1.0,0.5,1.0,1.0,1.0,0.0,0.0,1.0,0.4444174875054588
american-water-spaniel,0.39215686274509803,0.17105263157894737,0.4782608695652174,0.5,0.5,0.5,0.0,0.5,0.0,0.5,0.5,0.5,0.5,0.5,1.0,0.5,0.5,0.5,0.8375634517766497,0.0,0.25,0.0,0.0,0.0,1.0,0.0,0.0,0.2737065448016974
anatolian-shepherd-dog,0.8823529411764706,0.6578947368421053,0.4782608695652174,0.0,0.5,0.5,0.5,0.25,0.0,0.0,0.0,0.5,1.0,0.5,0.25,0.5,0.5,0.5,0.4416243654822335,1.0,0.5,0.0,1.0,1.0,0.0,0.0,1.0,0.6149322107348479
appenzeller-sennenhund,0.5686274509803921,0.28421052631578947,0.6521739130434783,0.0,0.5,1.0,0.5,0.5,0.5,0.0,0.0,0.5,1.0,1.0,0.5,1.0,1.0,1.0,1.0,0.0,0.25,1.0,1.0,0.0,0.0,1.0,0.0,0.35658715910062405
australian-cattle-dog,0.49019607843137253,0.19736842105263158,0.6521739130434783,0.5,0.5,0.5,0.5,0.0,0.0,0.0,0.5,0.5,0.75,0.5,0.75,1.0,0.0,0.75,0.25380710659898476,1.0,0.5,0.0,0.0,1.0,0.0,0.0,1.0,0.26816592648587356
australian-kelpie,0.47058823529411764,0.25268484977626254,0.43478260869565216,0.5,0.5,0.5,0.5,0.0,0.0,0.0,0.5,0.5,0.75,0.5,0.75,1.0,0.0,0.75,1.0,0.0,0.25,1.0,0.0,1.0,0.0,0.0,1.0,0.36521621091213835
australian-shepherd,0.5882352941176471,0.27631578947368424,0.6086956521739131,0.5,1.0,0.5,0.5,0.25,0.0,0.5,0.5,0.75,0.5,0.5,1.0,1.0,0.5,1.0,0.05583756345177665,1.0,0.5,1.0,0.0,1.0,1.0,0.0,0.0,0.3357271095152603
australian-stumpy-tail-cattle-dog,0.49019607843137253,0.25268484977626254,0.6086956521739131,0.0,0.5,0.0,0.5,0.5,0.0,0.0,0.0,0.5,0.5,0.5,0.5,1.0,0.0,1.0,1.0,1.0,0.5,0.0,0.0,1.0,1.0,0.0,0.0,0.3535736979442625
australian-terrier,0.1568627450980392,0.06578947368421052,0.5652173913043478,0.5,1.0,0.5,0.0,0.25,0.0,0.0,0.5,0.75,0.75,0.5,0.75,0.75,1.0,0.75,0.766497461928934,1.0,0.25,1.0,1.0,1.0,0.0,1.0,0.0,0.180131657690006
azawakh,0.803921568627451,0.23421052631578948,0.6086956521739131,0.5,0.5,0.5,0.25,0.25,0.0,0.0,0.0,0.5,0.5,0.5,0.25,0.5,0.0,0.5,0.934010152284264,1.0,0.5,1.0,1.0,1.0,0.0,0.0,1.0,0.20586475164572113
barbado-da-terceira,0.5784313725490197,0.25268484977626254,0.5652173913043478,1.0,0.75,0.5,0.0,0.25,0.0,0.5,0.5,0.5,0.5,0.75,1.0,1.0,1.0,0.5,1.0,0.0,0.5,0.0,0.0,0.0,0.0,1.0,0.0,0.3079624412583487
barbet,0.5980392156862745,0.23684210526315788,0.5652173913043478,0.75,0.5,0.5,0.0,1.0,0.0,1.0,0.5,0.5,0.5,0.5,0.75,0.5,0.5,0.5,0.7461928934010152,1.0,0.25,1.0,1.0,0.0,0.0,1.0,0.0,0.2777399451082358
basenji,0.4117647058823529,0.1,0.6086956521739131,0.5,0.5,0.5,0.25,0.0,0.0,0.0,0.5,0.5,0.5,0.5,0.25,0.75,0.0,0.75,0.4365482233502538,1.0,0.5,1.0,1.0,1.0,0.0,0.0,1.0,0.14077516105185342
basset-fauve-de-bretagne,0.29411764705882354,0.1368421052631579,0.6956521739130435,0.5,1.0,1.0,0.5,0.0,0.0,0.5,1.0,0.5,0.0,1.0,0.0,0.75,0.5,1.0,1.0,0.0,0.25,0.0,0.0,1.0,1.0,0.0,0.0,0.2646832521159272
basset-hound,0.3333333333333333,0.25,0.5217391304347826,0.5,1.0,1.0,0.25,0.5,0.75,0.0,0.5,0.5,0.5,0.5,0.5,0.25,0.75,0.5,0.16751269035532995,1.0,0.25,1.0,1.0,1.0,0.0,0.0,1.0,0.4631956912028725
bavarian-mountain-scent-hound,0.4803921568627451,0.24473684210526317,0.6086956521739131,0.5,0.5,0.5,0.5,0.25,0.25,0.0,0.5,0.5,0.5,0.5,0.75,0.75,0.25,0.75,1.0,1.0,0.25,0.0,0.0,1.0,0.0,0.0,1.0,0.3468821065230401
beagle,0.5294117647058824,0.25268484977626254,0.5217391304347826,0.5,1.0,1.0,0.5,0.25,0.0,0.0,0.5,0.75,0.25,0.75,0.5,0.75,0.75,0.75,0.030456852791878174,1.0,1.0,1.0,1.0,1.0,0.0,0.0,1.0,0.33203504895369207
bearded-collie,0.5882352941176471,0.23684210526315788,0.5652173913043478,0.75,1.0,1.0,0.5,0.75,0.0,1.0,0.75,0.75,0.5,0.75,0.5,0.75,1.0,0.5,0.7208121827411168,1.0,0.5,1.0,0.0,0.0,0.0,1.0,0.0,0.28186714542190305
beauceron,0.7843137254901961,0.4473684210526316,0.391304347826087,0.5,0.5,0.5,0.75,0.5,0.0,0.0,0.25,0.5,0.75,0.5,0.5,1.0,0.5,0.5,0.6091370558375635,0.0,0.5,1.0,0.0,0.0,0.0,0.0,1.0,0.4471731987398801
bedlington-terrier,0.38235294117647056,0.07894736842105263,0.6086956521739131,0.5,0.5,0.5,0.0,0.5,0.0,0.5,0.5,0.5,0.75,0.5,0.5,0.75,0.5,0.5,0.6700507614213198,0.0,0.25,0.0,0.0,0.0,0.0,1.0,0.0,0.11282971965198178
belgian-laekenois,0.7254901960784313,0.2894736842105263,0.391304347826087,0.5,0.5,0.5,0.5,0.25,0.0,0.5,0.5,0.5,0.75,0.5,1.0,0.75,0.5,0.75,0.9796954314720813,1.0,0.5,1.0,0.0,1.0,0.0,1.0,0.0,0.2933572710951526
belgian-malinois,0.7254901960784313,0.34210526315789475,0.7391304347826086,0.5,0.5,0.5,0.5,0.25,0.0,0.0,0.5,0.5,0.75,0.5,1.0,0.75,0.5,0.75,0.17766497461928935,1.0,0.5,1.0,0.0,1.0,0.0,0.0,1.0,0.3551166965888689
belgian-sheepdog,0.7254901960784313,0.3157894736842105,0.5652173913043478,0.5,0.5,0.5,0.5,0.25,0.0,0.5,0.5,0.5,0.75,0.5,1.0,0.75,0.5,0.75,0.649746192893401,1.0,0.5,1.0,1.0,0.0,1.0,0.0,0.0,0.3242369838420108
belgian-tervuren,0.7254901960784313,0.3157894736842105,0.5652173913043478,0.5,0.5,0.5,0.5,0.25,0.0,0.5,0.5,0.5,0.75,0.5,1.0,0.75,0.5,0.75,0.5177664974619289,1.0,0.5,1.0,0.0,0.0,1.0,0.0,0.0,0.3242369838420108
bergamasco-sheepdog,0.6666666666666666,0.37894736842105264,0.6521739130434783,0.5,0.5,0.5,0.0,0.0,0.25,1.0,0.5,0.5,0.75,0.5,0.5,0.5,0.0,0.5,0.9035532994923858,1.0,0.5,1.0,0.0,0.0,0.0,1.0,0.0,0.42870239504946717
berger-picard,0.7058823529411765,0.2894736842105263,0.5217391304347826,0.5,0.5,0.5,0.5,0.0,0.0,0.5,0.5,0.5,0.75,0.5,0.75,0.75,0.25,0.75,0.8223350253807107,1.0,0.5,0.0,0.0,0.0,0.0,1.0,0.0,0.3009196497270362
bernese-mountain-dog,0.7745098039215687,0.4868421052631579,0.17391304347826086,1.0,1.0,1.0,1.0,0.5,0.5,0.5,0.75,0.75,0.5,0.75,0.75,0.75,0.5,0.5,0.09644670050761421,0.0,0.5,1.0,1.0,0.0,1.0,0.0,0.0,0.49628109771736345
bichon-frise,0.1568627450980392,0.05263157894736842,0.6956521739130435,1.0,1.0,1.0,0.0,1.0,0.0,1.0,1.0,0.75,0.25,0.75,0.75,0.75,0.5,0.5,0.233502538071066,0.0,0.25,0.0,1.0,0.0,1.0,0.0,0.0,0.14337009489612723
biewer-terrier,0.09803921568627451,0.005263157894736842,0.8260869565217391,1.0,0.5,1.0,0.0,0.5,0.0,1.0,0.5,0.75,0.25,0.5,0.5,0.5,0.5,0.5,0.41116751269035534,0.0,0.25,1.0,1.0,0.0,0.0,1.0,0.0,0.025733093955715134
black-and-tan-coonhound,0.7647058823529411,0.4342105263157895,0.391304347826087,0.75,1.0,1.0,0.5,0.25,0.5,0.0,0.5,0.5,0.25,0.75,0.5,0.5,0.75,0.5,0.7106598984771574,0.0,0.5,1.0,0.0,0.0,0.0,0.0,1.0,0.442411269161718
black-russian-terrier,0.8627450980392157,0.5263157894736842,0.391304347826087,0.5,0.5,0.5,0.5,0.75,0.5,1.0,0.25,0.5,1.0,0.75,0.75,0.75,0.5,0.75,0.6395939086294417,1.0,0.5,1.0,0.0,0.0,1.0,0.0,0.0,0.4916375318907682
bloodhound,0.7647058823529411,0.5,0.391304347826087,0.75,0.5,0.5,0.5,0.25,1.0,0.0,0.5,0.5,0.25,0.5,0.75,0.5,1.0,0.5,0.24873096446700507,0.0,0.5,1.0,0.0,1.0,0.0,0.0,1.0,0.516641347880127
bluetick-coonhound,0.7058823529411765,0.32894736842105265,0.43478260869565216,0.5,0.5,1.0,0.5,0.25,0.25,0.0,0.5,0.5,0.25,0.5,0.75,0.75,0.75,0.5,0.7055837563451777,1.0,0.5,0.0,0.0,0.0,0.0,0.0,1.0,0.34818451617630897
boerboel,0.7450980392156863,0.8947368421052632,0.30434782608695654,1.0,0.75,0.25,0.5,0.25,0.5,0.0,0.5,0.5,1.0,0.5,0.75,0.5,0.5,0.75,0.5939086294416244,1.0,0.5,0.0,0.0,1.0,0.0,0.0,1.0,0.9823987045446544
bohemian-shepherd,0.5725490196078432,0.2394736842105263,0.6086956521739131,1.0,1.0,0.5,0.5,0.25,0.25,0.5,0.75,0.5,0.5,0.75,0.75,0.5,0.5,0.75,1.0,0.0,0.5,0.0,0.0,0.0,1.0,0.0,0.0,0.2923328256485744
bolognese,0.17647058823529413,0.015789473684210527,0.5652173913043478,0.5,0.5,0.5,0.0,0.5,0.0,1.0,1.0,0.0,0.0,1.0,1.0,0.0,0.0,0.0,1.0,0.0,0.25,0.0,1.0,0.0,0.0,1.0,0.0,0.035090582666884286
border-collie,0.5490196078431373,0.19736842105263158,0.6086956521739131,1.0,0.5,0.5,0.5,0.5,0.0,0.5,0.75,1.0,0.5,1.0,1.0,1.0,0.75,1.0,0.15228426395939088,1.0,0.5,1.0,1.0,1.0,1.0,0.0,0.0,0.24289530148443317
border-terrier,0.27450980392156865,0.04868421052631579,0.6086956521739131,0.75,1.0,0.5,0.25,0.25,0.0,0.0,0.75,0.75,0.5,0.75,0.75,0.5,0.5,0.5,0.45685279187817257,1.0,0.25,1.0,0.0,1.0,0.0,1.0,0.0,0.0857769798523838
borzoi,0.8431372549019608,0.4473684210526316,0.43478260869565216,0.5,0.5,0.5,0.5,0.25,0.0,0.5,0.5,0.5,0.5,0.5,0.25,0.75,0.25,0.75,0.5228426395939086,1.0,0.5,1.0,1.0,1.0,0.0,1.0,0.0,0.41908181585021803
boston-terrier,0.37254901960784315,0.07105263157894737,0.4782608695652174,1.0,1.0,0.75,0.25,0.25,0.0,0.0,1.0,1.0,0.5,0.5,0.75,0.75,0.25,0.5,0.1116751269035533,0.0,0.25,1.0,1.0,0.0,0.0,0.0,1.0,0.10132405745062836
bouvier-des-flandres,0.7647058823529411,0.4473684210526316,0.391304347826087,0.5,0.5,0.5,0.5,0.75,0.25,0.5,0.5,0.5,0.75,0.5,0.75,0.75,0.5,0.5,0.5076142131979695,1.0,0.5,1.0,1.0,0.0,1.0,0.0,0.0,0.45725728490539985
boxer,0.6862745098039216,0.35526315789473684,0.391304347826087,0.75,1.0,0.5,0.25,0.25,0.5,0.0,0.75,0.75,0.75,0.5,0.75,0.75,0.5,0.75,0.06598984771573604,1.0,0.5,0.0,1.0,0.0,0.0,0.0,1.0,0.3892130460801915
boykin-spaniel,0.4019607843137255,0.15789473684210525,0.5217391304347826,0.5,1.0,1.0,0.5,0.5,0.0,0.5,0.5,0.75,0.5,0.75,0.75,0.75,0.5,0.5,0.4517766497461929,0.0,0.5,0.0,0.0,0.0,1.0,0.0,0.0,0.24542458265226824
bracco-italiano,0.6862745098039216,0.35526315789473684,0.4782608695652174,0.5,0.75,0.75,0.25,0.0,0.25,0.0,0.5,0.5,0.5,0.5,1.0,0.75,0.25,0.5,1.0,1.0,0.25,0.0,1.0,0.0,0.0,0.0,1.0,0.3892130460801915
braque-du-bourbonnais,0.5588235294117647,0.20526315789473684,0.391304347826087,0.5,0.5,0.75,0.25,0.0,0.25,0.0,0.5,0.5,0.5,0.5,1.0,0.75,0.25,0.5,1.0,1.0,0.25,0.0,0.0,0.0,0.0,0.0,1.0,0.25020008219592915
braque-francais-pyrenean,0.5588235294117647,0.2236842105263158,0.5334688770722553,0.5,1.0,1.0,0.5,0.0,0.25,0.0,0.5,0.5,0.5,0.5,0.5,1.0,0.5,0.5,1.0,1.0,0.25,0.0,1.0,0.0,0.0,0.0,1.0,0.27624321342821917
briard,0.7254901960784313,0.3815789473684211,0.4782608695652174,0.5,0.5,0.5,0.0,0.75,0.25,1.0,0.5,0.5,0.75,0.5,0.5,0.5,0.0,0.5,0.7563451776649747,1.0,0.5,1.0,1.0,0.0,1.0,0.0,0.0,0.4014362657091562
brittany,0.49019607843137253,0.15789473684210525,0.5652173913043478,0.5,0.75,0.75,0.5,0.5,0.0,0.0,0.5,0.75,0.5,0.5,1.0,1.0,0.5,0.75,0.12690355329949238,1.0,0.25,1.0,1.0,0.0,1.0,0.0,0.0,0.2072191250118114
broholmer,0.8627450980392157,0.6052631578947368,0.21739130434782608,0.5,0.5,0.5,0.5,0.0,0.5,0.0,0.5,0.5,0.75,0.5,0.5,0.25,0.0,0.5,1.0,1.0,0.25,1.0,0.0,1.0,0.0,0.0,1.0,0.5728999338561844
brussels-griffon,0.0784313725490196,0.021052631578947368,0.6086956521739131,0.75,0.5,0.5,0.5,0.5,0.0,0.5,0.75,0.75,0.5,0.75,0.75,0.5,0.75,0.5,0.4873096446700508,0.0,0.25,1.0,0.0,1.0,0.0,0.0,1.0,0.0862815503221037
bull-terrier,0.5882352941176471,0.2894736842105263,0.5217391304347826,0.75,0.5,0.0,0.5,0.25,0.0,0.0,0.75,0.75,0.5,0.5,0.5,0.75,0.5,0.75,0.30456852791878175,0.0,0.25,1.0,1.0,1.0,0.0,0.0,1.0,0.35368043087971274
bulldog,0.3137254901960784,0.23684210526315788,0.21739130434782608,0.75,0.5,0.5,0.5,0.5,0.5,0.0,0.75,0.75,0.5,0.5,0.75,0.5,0.25,0.5,0.025380710659898477,1.0,0.25,0.0,1.0,1.0,0.0,0.0,1.0,0.45520955859592643
bullmastiff,0.7647058823529411,0.6052631578947368,0.13043478260869565,0.75,0.5,0.5,0.5,0.0,0.5,0.0,0.5,0.5,1.0,0.5,0.75,0.75,0.0,0.75,0.27918781725888325,1.0,0.5,0.0,0.0,1.0,0.0,0.0,1.0,0.6354094738295815
cairn-terrier,0.13725490196078433,0.04736842105263158,0.6521739130434783,0.75,0.5,0.5,0.25,0.25,0.0,0.5,0.5,0.75,0.75,0.5,0.5,0.5,0.75,0.5,0.37055837563451777,1.0,0.5,1.0,0.0,1.0,1.0,0.0,0.0,0.13895870736086174
canaan-dog,0.6078431372549019,0.23684210526315788,0.6086956521739131,0.5,0.5,0.5,0.75,0.25,0.0,0.0,0.5,0.5,0.75,0.5,0.75,0.5,1.0,0.5,0.9441624365482234,1.0,0.5,1.0,1.0,1.0,0.0,0.0,1.0,0.2737065448016974
cane-corso,0.7745098039215687,0.25268484977626254,0.34782608695652173,0.75,0.5,0.5,0.25,0.0,0.5,0.0,0.5,0.5,1.0,0.5,0.75,0.75,0.5,0.5,0.10152284263959391,1.0,0.5,1.0,0.0,1.0,0.0,0.0,1.0,0.23459830352015934
cardigan-welsh-corgi,0.19607843137254902,0.15263157894736842,0.6086956521739131,0.75,0.75,0.5,0.5,0.25,0.0,0.5,0.75,0.75,0.5,0.5,0.75,0.75,1.0,0.75,0.3350253807106599,1.0,0.25,1.0,1.0,1.0,1.0,0.0,0.0,0.3792834283038014
carolina-dog,0.47549019607843135,0.19736842105263158,0.5334688770722553,0.5,0.5,0.5,0.5,0.0,0.25,0.0,0.5,0.5,0.5,0.5,0.5,0.5,0.5,0.5,1.0,1.0,0.25,1.0,1.0,1.0,0.0,0.0,1.0,0.27511958839902156
catahoula-leopard-dog,0.6470588235294118,0.35526315789473684,0.4782608695652174,0.75,0.5,0.5,0.5,0.25,0.25,0.0,0.5,0.5,0.75,0.5,0.75,1.0,0.0,0.75,1.0,1.0,0.25,1.0,1.0,1.0,0.0,0.0,1.0,0.409491842947467
caucasian-shepherd-dog,0.7843137254901961,0.6815789473684211,0.391304347826087,0.5,0.5,0.25,0.75,0.5,0.75,0.5,0.25,0.25,1.0,0.5,0.5,0.5,0.25,0.5,1.0,1.0,0.25,1.0,1.0,1.0,1.0,0.0,0.0,0.7064462585955761
cavalier-king-charles-spaniel,0.23529411764705882,0.05526315789473684,0.6086956521739131,1.0,1.0,1.0,0.25,0.25,0.25,0.5,0.75,0.5,0.5,0.5,0.75,0.5,0.5,0.5,0.07106598984771574,1.0,0.25,1.0,1.0,0.0,0.0,1.0,0.0,0.11425493716337522
central-asian-shepherd-dog,0.7254901960784313,0.49473684210526314,0.5334688770722553,0.5,0.5,0.5,0.5,0.0,0.5,0.5,0.0,0.5,1.0,0.75,0.75,0.5,0.5,0.5,1.0,1.0,0.25,1.0,1.0,0.0,1.0,0.0,0.0,0.5342190305206463
cesky-terrier,0.19607843137254902,0.07368421052631578,0.6086956521739131,0.75,1.0,0.5,0.25,0.25,0.0,0.5,0.75,0.5,0.5,0.75,0.5,0.5,0.5,0.5,0.9593908629441624,1.0,0.25,0.0,0.0,0.0,0.0,1.0,0.0,0.17789399734603076
chesapeake-bay-retriever,0.7058823529411765,0.35526315789473684,0.43478260869565216,0.75,0.5,0.5,0.5,0.5,0.25,0.5,0.5,0.5,0.75,0.75,1.0,0.75,0.5,0.75,0.23857868020304568,1.0,0.5,0.0,0.0,0.0,0.0,1.0,0.0,0.37969442714249074
chihuahua,0.0,0.005263157894736842,0.7391304347826086,0.75,0.0,0.5,0.25,0.0,0.0,0.5,0.25,0.75,0.75,0.75,0.5,0.75,1.0,0.5,0.18274111675126903,1.0,0.25,1.0,1.0,1.0,0.0,0.0,1.0,0.06532246927219998
chinese-crested,0.21568627450980393,0.02631578947368421,0.782608695652174,0.75,0.5,0.5,0.0,0.25,0.0,0.5,0.75,0.5,0.5,0.75,0.75,0.5,0.5,0.5,0.38578680203045684,1.0,0.25,1.0,1.0,1.0,0.0,1.0,0.0,0.05146618791143029
chinese-shar-pei,0.49019607843137253,0.25,0.30434782608695654,0.75,0.5,0.5,0.5,0.0,0.5,0.0,0.5,0.5,0.75,0.75,0.5,0.5,0.5,0.5,0.3197969543147208,1.0,0.25,1.0,1.0,1.0,0.0,0.0,1.0,0.3494283284512898
chinook,0.7254901960784313,0.35526315789473684,0.6086956521739131,0.75,1.0,1.0,0.5,0.5,0.0,0.5,0.5,0.5,0.75,0.75,0.75,0.5,1.0,0.5,0.868020304568528,1.0,0.5,1.0,1.0,1.0,0.0,0.0,1.0,0.370556552962298
chow-chow,0.47058823529411764,0.27631578947368424,0.30434782608695654,0.75,0.5,0.25,0.5,0.5,0.5,0.5,0.25,0.5,1.0,0.5,0.5,0.5,0.0,0.5,0.4010152284263959,0.0,0.25,1.0,0.0,1.0,0.0,0.0,1.0,0.4026881459556504
cirneco-delletna,0.4803921568627451,0.1,0.5652173913043478,0.75,0.5,0.75,0.0,0.0,0.0,0.0,0.5,0.75,0.5,0.75,0.75,0.5,0.25,0.5,0.9238578680203046,1.0,0.5,0.0,0.0,0.0,0.0,0.0,1.0,0.12043087971274687
clumber-spaniel,0.49019607843137253,0.3815789473684211,0.391304347826087,0.75,0.5,0.5,0.5,0.25,0.75,0.5,0.75,0.5,0.5,0.75,0.75,0.5,0.0,0.5,0.751269035532995,1.0,0.5,0.0,1.0,0.0,0.0,1.0,0.0,0.5525843333648304
cocker-spaniel,0.3333333333333333,0.11842105263157894,0.4782608695652174,0.75,1.0,1.0,0.5,0.75,0.25,1.0,0.75,0.5,0.5,0.75,0.75,0.75,0.5,0.5,0.14213197969543148,1.0,0.5,1.0,1.0,1.0,1.0,0.0,0.0,0.20586475164572113
collie,0.7254901960784313,0.32894736842105265,0.5652173913043478,0.75,1.0,0.5,0.5,0.5,0.25,1.0,0.5,0.75,0.5,0.75,0.75,0.5,1.0,0.5,0.18781725888324874,1.0,0.5,1.0,1.0,0.0,0.0,0.0,1.0,0.33967684021543987
coton-de-tulear,0.1568627450980392,0.03684210526315789,0.9130434782608695,1.0,1.0,1.0,0.25,0.75,0.0,1.0,1.0,0.75,0.5,0.75,0.75,0.5,0.0,0.5,0.41624365482233505,1.0,0.5,1.0,1.0,0.0,1.0,0.0,0.0,0.09925621954347268
croatian-sheepdog,0.45098039215686275,0.16578947368421051,0.6086956521739131,0.5,0.5,0.5,0.25,0.0,0.5,0.5,0.25,0.5,1.0,0.25,0.5,0.5,0.5,0.5,1.0,0.0,0.25,1.0,0.0,0.0,1.0,0.0,0.0,0.23588669459405545
curly-coated-retriever,0.7647058823529411,0.3815789473684211,0.391304347826087,1.0,1.0,0.5,0.25,0.0,0.0,0.0,0.5,0.75,0.75,0.75,0.75,0.75,0.5,0.5,0.8426395939086294,0.0,0.5,1.0,0.0,0.0,1.0,0.0,0.0,0.38302720618699077
czechoslovakian-vlcak,0.7058823529411765,0.2394736842105263,0.5217391304347826,0.5,0.0,0.0,1.0,0.25,0.5,0.5,0.5,0.5,1.0,0.25,0.5,0.5,0.5,0.5,1.0,0.0,0.25,0.0,0.0,0.0,1.0,0.0,0.0,0.2410508188912908
dachshund,0.0784313725490196,0.1,0.6521739130434783,1.0,0.5,0.75,0.25,0.25,0.25,0.5,0.75,0.75,0.75,0.75,0.75,0.5,1.0,0.5,0.04568527918781726,1.0,0.5,1.0,0.0,1.0,0.0,0.0,1.0,0.35874960397085226
dalmatian,0.5882352941176471,0.27631578947368424,0.4782608695652174,1.0,0.5,0.5,0.75,0.25,0.25,0.0,0.75,0.75,0.75,0.75,0.75,0.75,0.5,0.75,0.2436548223350254,0.0,0.25,1.0,1.0,0.0,0.0,0.0,1.0,0.3357271095152603
dandie-dinmont-terrier,0.11764705882352941,0.08421052631578947,0.6086956521739131,0.75,0.5,0.5,0.25,0.5,0.0,0.5,0.75,0.5,0.75,0.5,0.75,0.5,0.5,0.5,0.8781725888324873,0.0,0.25,0.0,0.0,0.0,1.0,0.0,0.0,0.2641028063876028
danish-swedish-farmdog,0.27450980392156865,0.06578947368421052,0.4782608695652174,1.0,1.0,1.0,0.25,0.0,0.0,0.0,1.0,0.75,0.75,0.75,0.75,0.75,0.5,0.75,1.0,1.0,0.25,1.0,1.0,0.0,0.0,0.0,1.0,0.12294700445508344
deutscher-wachtelhund,0.5098039215686274,0.2236842105263158,0.5652173913043478,0.75,1.0,0.5,0.25,0.25,0.25,0.5,0.5,0.5,0.5,0.5,0.75,0.5,0.5,0.5,1.0,1.0,0.25,0.0,0.0,1.0,1.0,0.0,0.0,0.29889978363946046
doberman-pinscher,0.803921568627451,0.4342105263157895,0.391304347826087,1.0,1.0,0.5,0.75,0.0,0.25,0.0,0.75,0.75,1.0,0.75,1.0,1.0,0.5,0.75,0.07614213197969544,0.0,0.5,1.0,1.0,1.0,0.0,0.0,1.0,0.4231664339384268
dogo-argentino,0.7352941176470589,0.4473684210526316,0.4782608695652174,1.0,0.5,0.5,0.75,0.0,0.5,0.0,0.75,0.75,1.0,0.75,1.0,1.0,0.5,0.75,0.4467005076142132,0.0,0.5,0.0,1.0,0.0,0.0,0.0,1.0,0.4731322324332972
dogue-de-bordeaux,0.6576470588235294,0.5526315789473685,0.0,1.0,0.5,0.5,0.75,0.0,1.0,0.0,0.5,0.5,1.0,0.75,0.75,0.5,0.5,0.75,0.350253807106599,1.0,0.5,0.0,0.0,1.0,0.0,0.0,1.0,0.6526607100010107
drentsche-patrijshond,0.4974212952113116,0.25268484977626254,0.5217391304347826,0.5,1.0,1.0,0.5,0.5,0.0,0.5,0.5,0.5,0.0,0.5,1.0,0.5,0.0,1.0,1.0,1.0,0.0,0.0,1.0,0.0,0.0,1.0,0.0,0.34943660908349244
drever,0.27450980392156865,0.17105263157894737,0.7391304347826086,1.0,1.0,1.0,0.5,0.0,0.25,0.0,0.75,0.75,0.5,1.0,1.0,0.75,0.75,0.75,1.0,1.0,0.25,0.0,0.0,1.0,1.0,0.0,0.0,0.35168561739477355
dutch-shepherd,0.6470588235294118,0.28157894736842104,0.5217391304347826,1.0,0.5,0.5,0.5,0.25,0.25,0.0,0.5,0.75,1.0,0.75,1.0,1.0,0.25,1.0,1.0,0.0,0.25,0.0,0.0,0.0,1.0,0.0,0.0,0.3155101085005074
english-cocker-spaniel,0.39215686274509803,0.1368421052631579,0.5652173913043478,1.0,1.0,1.0,0.5,0.5,0.25,1.0,0.75,0.5,0.5,0.75,0.75,0.5,0.5,0.75,0.2131979695431472,1.0,0.5,1.0,1.0,1.0,1.0,0.0,0.0,0.212882868179098
english-foxhound,0.6862745098039216,0.32894736842105265,0.43478260869565216,1.0,1.0,1.0,0.5,0.0,0.25,0.0,0.75,0.75,0.5,0.75,0.75,0.75,1.0,0.75,0.9898477157360406,0.0,0.25,1.0,1.0,0.0,1.0,0.0,0.0,0.35704667863554757
english-setter,0.7647058823529411,0.35526315789473684,0.4782608695652174,1.0,0.75,0.75,0.5,0.5,0.5,0.5,0.75,0.75,0.5,0.75,0.75,0.5,0.5,0.75,0.49238578680203043,0.0,0.5,0.0,1.0,0.0,1.0,0.0,0.0,0.3533351746996271
english-springer-spaniel,0.5294117647058824,0.23684210526315788,0.5652173913043478,1.0,0.5,0.75,0.5,0.25,0.5,0.5,0.75,0.75,0.5,0.75,1.0,0.75,0.5,0.75,0.12690355329949238,1.0,0.5,1.0,1.0,1.0,1.0,0.0,0.0,0.3087971274685817
english-toy-spaniel,0.11764705882352941,0.031578947368421054,0.391304347826087,1.0,1.0,1.0,0.5,0.5,0.25,0.5,0.5,0.75,0.5,0.75,0.5,0.5,0.25,0.5,0.6903553299492385,0.0,0.25,1.0,1.0,1.0,1.0,0.0,0.0,0.1015780024567703
entlebucher-mountain-dog,0.49019607843137253,0.27631578947368424,0.4782608695652174,1.0,0.5,1.0,0.5,0.0,0.25,0.0,0.5,0.5,1.0,0.75,0.5,1.0,0.5,0.75,0.8730964467005076,1.0,0.5,1.0,1.0,0.0,0.0,0.0,1.0,0.3900595294339979
estrela-mountain-dog,0.7941176470588235,0.5236842105263158,0.4782608695652174,1.0,1.0,0.5,0.5,0.25,0.75,1.0,0.25,0.5,1.0,0.5,0.75,0.5,0.5,0.5,1.0,1.0,0.25,0.0,0.0,0.0,1.0,0.0,0.0,0.525965200758402
eurasier,0.5882352941176471,0.2631578947368421,0.6521739130434783,0.75,0.75,0.5,0.5,0.5,0.25,0.5,0.25,0.5,0.5,0.5,0.75,0.5,0.5,0.75,1.0,1.0,0.25,1.0,0.0,1.0,1.0,0.0,0.0,0.3177737881508079
field-spaniel,0.45098039215686275,0.19736842105263158,0.5217391304347826,1.0,1.0,0.75,0.5,0.25,0.25,0.5,0.75,0.5,0.5,0.75,1.0,0.5,0.5,0.5,0.6852791878172588,1.0,0.5,1.0,1.0,0.0,0.0,0.0,1.0,0.28735288250548574
finnish-lapphund,0.5098039215686274,0.2,0.6086956521739131,1.0,0.75,0.5,0.75,0.25,0.25,0.5,0.75,0.5,0.5,0.75,0.75,0.5,1.0,0.5,0.8477157360406091,1.0,0.5,1.0,0.0,0.0,1.0,0.0,0.0,0.26326934585462414
finnish-spitz,0.4803921568627451,0.12631578947368421,0.6521739130434783,1.0,1.0,0.75,0.5,0.25,0.25,0.5,0.5,0.5,0.5,0.75,0.5,1.0,1.0,0.75,0.9644670050761421,1.0,0.5,0.0,0.0,1.0,1.0,0.0,0.0,0.16160383004189108
flat-coated-retriever,0.6764705882352942,0.3157894736842105,0.21739130434782608,1.0,1.0,1.0,0.5,0.25,0.25,0.5,1.0,1.0,0.5,1.0,1.0,1.0,0.5,0.75,0.467005076142132,0.0,0.5,1.0,0.0,0.0,0.0,0.0,1.0,0.345365208353019
french-bulldog,0.21568627450980393,0.12105263157894737,0.391304347826087,1.0,1.0,0.75,0.5,0.0,0.5,0.0,1.0,1.0,0.5,1.0,0.75,0.5,0.0,0.5,0.005076142131979695,1.0,0.25,0.0,1.0,0.0,0.0,0.0,1.0,0.2830640335128666
french-spaniel,0.6372549019607843,0.2631578947368421,0.391304347826087,1.0,1.0,1.0,0.5,0.0,0.25,0.5,1.0,0.75,0.5,1.0,1.0,0.75,0.5,1.0,1.0,1.0,0.25,0.0,1.0,0.0,0.0,0.0,1.0,0.2960719711168544
german-longhaired-pointer,0.7254901960784313,0.32894736842105265,0.5652173913043478,1.0,1.0,0.75,0.5,0.0,0.25,0.5,0.75,0.75,0.5,0.75,1.0,0.75,0.5,0.75,1.0,1.0,0.25,0.0,1.0,0.0,1.0,0.0,0.0,0.33967684021543987
german-pinscher,0.47058823529411764,0.15789473684210525,0.5652173913043478,1.0,0.5,0.5,0.5,0.0,0.0,0.0,0.5,0.75,0.75,0.5,1.0,1.0,0.5,0.75,0.7360406091370558,1.0,0.25,1.0,0.0,1.0,0.0,0.0,1.0,0.21490610898151294
german-shepherd-dog,0.7254901960784313,0.3815789473684211,0.17391304347826086,1.0,1.0,0.5,0.75,0.25,0.25,0.5,0.5,0.75,1.0,1.0,1.0,1.0,0.5,1.0,0.015228426395939087,0.0,0.5,1.0,1.0,1.0,1.0,0.0,0.0,0.4014362657091562
german-shorthaired-pointer,0.6862745098039216,0.3026315789473684,0.391304347826087,1.0,1.0,0.75,0.5,0.25,0.25,0.0,0.75,0.75,0.75,0.75,1.0,1.0,0.5,1.0,0.04060913705583756,1.0,0.5,1.0,1.0,0.0,0.0,0.0,1.0,0.3248803111909036
german-spitz,0.4974212952113116,0.25268484977626254,0.6521739130434783,0.0,0.5,0.5,0.5,0.5,0.0,0.5,0.0,0.75,0.5,0.5,1.0,0.5,1.0,1.0,1.0,1.0,0.0,1.0,1.0,1.0,0.0,1.0,0.0,0.34943660908349244
german-wirehaired-pointer,0.7254901960784313,0.2894736842105263,0.7391304347826086,1.0,0.5,0.5,0.25,0.25,0.25,0.5,0.75,0.75,0.5,0.75,1.0,1.0,0.5,0.75,0.29441624365482233,1.0,0.5,1.0,1.0,0.0,1.0,0.0,0.0,0.2933572710951526
giant-schnauzer,0.7843137254901961,0.35526315789473684,0.6086956521739131,1.0,0.5,0.5,0.5,0.75,0.25,0.5,0.5,0.75,1.0,0.75,1.0,1.0,0.5,0.75,0.3248730964467005,0.0,0.5,1.0,0.0,0.0,1.0,0.0,0.0,0.3452118830662918
glen-of-imaal-terrier,0.2647058823529412,0.1631578947368421,0.5217391304347826,1.0,0.5,0.5,0.25,0.5,0.25,0.5,0.5,0.5,0.5,0.75,0.5,0.5,0.25,0.5,0.883248730964467,0.0,0.25,0.0,0.0,0.0,0.0,1.0,0.0,0.34229870261847495
golden-retriever,0.6666666666666666,0.34210526315789475,0.391304347826087,1.0,1.0,1.0,0.75,0.25,0.25,0.5,1.0,0.75,0.5,1.0,1.0,0.5,0.0,0.75,0.01015228426395939,0.0,0.5,0.0,0.0,0.0,1.0,0.0,0.0,0.38271133351159325
gordon-setter,0.7450980392156863,0.32894736842105265,0.5217391304347826,1.0,0.5,0.5,0.5,0.25,0.75,0.5,0.5,0.5,0.75,0.75,1.0,1.0,0.5,0.75,0.5685279187817259,0.0,0.5,1.0,0.0,1.0,1.0,0.0,0.0,0.33150279860597737
grand-basset-griffon-vendeen,0.4019607843137255,0.19736842105263158,0.6521739130434783,1.0,0.5,0.75,0.5,0.25,0.25,0.5,1.0,0.75,0.5,0.75,0.5,1.0,0.75,0.75,0.9543147208121827,0.0,0.25,1.0,1.0,0.0,1.0,0.0,0.0,0.3145582679064284
great-dane,0.9607843137254902,0.8026315789473685,0.17391304347826086,1.0,0.5,0.5,0.5,0.0,0.75,0.0,0.5,0.75,1.0,0.75,0.5,0.75,0.5,0.75,0.08121827411167512,1.0,0.5,1.0,1.0,0.0,0.0,0.0,1.0,0.7072450338796549
great-pyrenees,0.9019607843137255,0.5,0.391304347826087,1.0,0.5,0.5,0.5,0.25,0.5,0.5,0.5,0.5,1.0,0.5,0.5,0.5,0.5,0.5,0.3147208121827411,1.0,0.5,0.0,1.0,0.0,1.0,0.0,0.0,0.44618567994401
greater-swiss-mountain-dog,0.803921568627451,0.6447368421052632,0.2608695652173913,1.0,1.0,0.5,0.5,0.25,0.5,0.0,1.0,0.75,0.75,0.5,0.75,0.75,0.5,0.75,0.39086294416243655,0.0,0.5,1.0,1.0,1.0,0.0,0.0,1.0,0.6519050468781169
greyhound,0.8823529411764706,0.32894736842105265,0.43478260869565216,0.75,0.5,0.75,0.25,0.0,0.0,0.0,0.5,0.5,0.5,0.75,0.5,0.75,0.5,0.5,0.6649746192893401,1.0,0.5,1.0,1.0,1.0,0.0,0.0,1.0,0.28217668544542807
hamiltonstovare,0.5882352941176471,0.27631578947368424,0.782608695652174,1.0,1.0,0.5,0.5,0.25,0.25,0.0,1.0,0.75,0.75,0.5,0.75,0.75,0.5,0.75,1.0,0.0,0.25,0.0,0.0,1.0,0.0,0.0,1.0,0.3357271095152603
hanoverian-scenthound,0.5294117647058824,0.4421052631578947,0.4782608695652174,0.5,0.5,1.0,0.5,0.25,0.25,0.0,0.5,0.5,0.25,0.5,0.75,0.75,0.75,0.5,1.0,1.0,0.25,0.0,0.0,1.0,0.0,0.0,1.0,0.6098743267504488
harrier,0.5294117647058824,0.25,0.6086956521739131,1.0,1.0,1.0,0.5,0.0,0.25,0.0,0.75,0.75,0.5,0.75,0.75,0.75,1.0,0.75,0.949238578680203,0.0,0.25,1.0,1.0,1.0,1.0,0.0,0.0,0.32809694793536803
havanese,0.13725490196078433,0.02631578947368421,0.7391304347826086,1.0,1.0,1.0,0.25,0.5,0.0,1.0,1.0,1.0,0.5,1.0,0.75,0.5,0.75,0.5,0.1218274111675127,1.0,0.25,1.0,1.0,1.0,1.0,0.0,0.0,0.07719928186714542
hokkaido,0.49019607843137253,0.2631578947368421,0.6086956521739131,1.0,0.5,0.5,0.5,0.25,0.25,0.5,0.5,0.5,1.0,0.5,0.75,0.75,0.5,0.75,1.0,0.0,0.25,1.0,1.0,1.0,1.0,0.0,0.0,0.3697439289426439
hovawart,0.7450980392156863,0.3815789473684211,0.4782608695652174,1.0,0.75,0.75,0.5,0.25,0.25,0.5,0.75,0.75,1.0,0.75,0.75,0.5,0.0,0.75,1.0,1.0,0.25,1.0,0.0,0.0,1.0,0.0,0.0,0.3920512549723659
ibizan-hound,0.7450980392156863,0.23684210526315788,0.5217391304347826,1.0,0.5,1.0,0.25,0.0,0.0,0.0,0.5,0.75,0.5,0.75,0.5,1.0,0.5,1.0,0.9187817258883249,1.0,0.5,0.0,1.0,1.0,0.0,0.0,1.0,0.2255429999647974
icelandic-sheepdog,0.45098039215686275,0.13157894736842105,0.5652173913043478,1.0,1.0,0.75,0.5,0.25,0.25,0.5,0.5,0.5,0.75,0.75,1.0,0.75,0.75,1.0,0.6954314720812182,1.0,0.5,1.0,1.0,1.0,1.0,0.0,0.0,0.180131657690006
irish-red-and-white-setter,0.7352941176470589,0.24210526315789474,0.5652173913043478,1.0,1.0,1.0,0.25,0.25,0.25,0.5,1.0,0.5,0.5,1.0,1.0,1.0,0.5,0.5,0.7766497461928934,1.0,0.5,0.0,1.0,0.0,1.0,0.0,0.0,0.23465524290310538
irish-setter,0.803921568627451,0.34210526315789475,0.6086956521739131,1.0,1.0,1.0,0.5,0.5,0.25,0.5,1.0,1.0,0.5,0.75,0.75,1.0,0.5,0.75,0.3553299492385787,1.0,0.5,0.0,0.0,1.0,0.0,1.0,0.0,0.3230932907773123
irish-terrier,0.45098039215686275,0.11578947368421053,0.6521739130434783,1.0,1.0,0.0,0.25,0.0,0.0,0.5,0.5,0.5,1.0,0.75,0.5,0.5,0.5,0.75,0.6243654822335025,0.0,0.25,0.0,0.0,1.0,1.0,0.0,0.0,0.15439856373429084
irish-water-spaniel,0.6470588235294118,0.29736842105263156,0.5217391304347826,1.0,0.5,0.5,0.0,0.5,0.25,0.5,0.5,1.0,0.5,0.75,1.0,0.5,0.0,0.75,0.8324873096446701,0.0,0.5,0.0,0.0,0.0,0.0,1.0,0.0,0.33564905159628444
irish-wolfhound,1.0,0.6052631578947368,0.043478260869565216,1.0,0.5,0.75,0.5,0.25,0.25,0.5,0.5,0.5,1.0,0.5,0.5,0.5,0.0,0.5,0.4263959390862944,1.0,0.5,1.0,1.0,1.0,0.0,1.0,0.0,0.5017953321364452
italian-greyhound,0.29411764705882354,0.02894736842105263,0.6956521739130435,1.0,0.5,1.0,0.5,0.0,0.0,0.0,1.0,0.75,0.5,0.75,0.75,0.5,0.5,0.5,0.36548223350253806,1.0,0.25,1.0,1.0,1.0,0.0,0.0,1.0,0.03859964093357271
jagdterrier,0.3137254901960784,0.07631578947368421,0.391304347826087,1.0,0.5,0.5,0.25,0.0,0.0,0.0,0.5,0.75,0.75,0.5,0.5,0.5,0.0,0.75,1.0,1.0,0.25,1.0,0.0,0.0,0.0,0.0,1.0,0.13044016591345262
japanese-akitainu,0.7745098039215687,0.34210526315789475,0.391304347826087,0.0,0.5,0.0,1.0,0.5,0.0,0.5,0.0,0.5,1.0,0.5,0.0,0.5,0.5,0.5,1.0,1.0,0.5,0.0,1.0,1.0,1.0,0.0,0.0,0.3345302214242968
japanese-chin,0.11764705882352941,0.021052631578947368,0.391304347826087,1.0,0.5,1.0,0.5,0.25,0.0,0.5,0.5,0.5,0.5,0.75,0.5,0.5,0.25,0.5,0.5279187817258884,1.0,0.25,1.0,1.0,1.0,0.0,1.0,0.0,0.0690730416706038
japanese-spitz,0.27450980392156865,0.06578947368421052,0.4782608695652174,0.5,1.0,1.0,0.5,0.5,0.0,0.5,1.0,0.5,0.5,1.0,1.0,0.5,0.5,0.5,1.0,0.0,0.25,0.0,1.0,0.0,1.0,0.0,0.0,0.12294700445508344
japanese-terrier,0.19607843137254902,0.25268484977626254,0.6521739130434783,0.5,0.5,0.5,0.5,0.25,0.0,0.5,0.5,0.5,1.0,1.0,0.0,0.5,0.0,0.5,1.0,1.0,0.25,1.0,1.0,0.0,0.0,1.0,0.0,0.6345125978212677
jindo,0.4974212952113116,0.25268484977626254,0.6956521739130435,0.5,0.5,0.0,0.5,0.5,0.0,0.5,0.0,0.5,0.5,0.0,0.5,0.5,0.5,0.5,1.0,0.0,0.0,1.0,1.0,0.0,1.0,0.0,0.0,0.34943660908349244
kai-ken,0.4974212952113116,0.25268484977626254,0.6086956521739131,1.0,0.5,0.5,0.5,0.0,0.0,0.5,0.0,0.5,1.0,0.5,0.5,0.5,0.5,0.5,1.0,0.0,0.0,1.0,0.0,1.0,1.0,0.0,0.0,0.34943660908349244
karelian-bear-dog,0.5784313725490197,0.21842105263157896,0.4782608695652174,0.5,0.0,0.5,0.5,0.5,0.25,0.5,0.5,0.5,1.0,0.5,0.75,0.5,0.5,0.5,1.0,1.0,0.25,1.0,0.0,0.0,1.0,0.0,0.0,0.2606611046573028
keeshond,0.45098039215686275,0.18421052631578946,0.6086956521739131,1.0,1.0,1.0,0.5,0.5,0.25,1.0,1.0,1.0,1.0,1.0,1.0,0.75,0.75,0.75,0.47715736040609136,0.0,0.5,1.0,1.0,0.0,1.0,0.0,0.0,0.2659086375423898
kerry-blue-terrier,0.4803921568627451,0.16578947368421051,0.6086956521739131,1.0,0.75,0.25,0.0,0.5,0.25,0.5,0.5,0.5,1.0,0.5,0.5,0.75,0.75,0.75,0.6751269035532995,0.0,0.5,1.0,0.0,0.0,0.0,1.0,0.0,0.22336325553560743
kishu-ken,0.5490196078431373,0.21052631578947367,0.6086956521739131,1.0,0.5,0.5,0.5,0.0,0.0,0.0,1.0,0.5,0.5,0.5,0.5,0.5,0.0,1.0,1.0,0.0,0.25,0.0,1.0,1.0,1.0,0.0,0.0,0.2617243946227613
komondor,0.8235294117647058,0.5,0.391304347826087,1.0,0.5,0.25,0.0,0.75,0.25,1.0,0.5,0.5,1.0,0.5,0.75,0.5,0.5,0.5,0.9390862944162437,0.0,0.5,0.0,1.0,0.0,0.0,1.0,0.0,0.4842500408030031
kromfohrlander,0.39215686274509803,0.11842105263157894,0.6521739130434783,1.0,0.75,0.5,0.25,0.0,0.0,0.0,0.75,0.75,0.5,0.75,0.75,0.75,0.5,0.5,1.0,0.0,0.25,0.0,1.0,0.0,0.0,0.0,1.0,0.180131657690006
kuvasz,0.8823529411764706,0.5394736842105263,0.391304347826087,1.0,0.5,0.5,0.5,0.25,0.25,0.5,0.5,0.5,1.0,0.75,1.0,0.5,0.5,0.5,0.8527918781725888,0.0,0.5,0.0,1.0,0.0,1.0,0.0,0.0,0.49514022163065685
labrador-retriever,0.6666666666666666,0.35526315789473684,0.4782608695652174,1.0,1.0,1.0,0.75,0.25,0.25,0.0,1.0,1.0,0.5,1.0,1.0,1.0,0.5,0.75,0.0,1.0,0.5,1.0,0.0,0.0,1.0,0.0,0.0,0.3991367126322625
lagotto-romagnolo,0.4974212952113116,0.25268484977626254,0.5334688770722553,1.0,0.5,1.0,0.0,0.25,0.25,0.5,0.75,0.75,0.5,0.75,0.75,0.75,0.25,0.75,1.0,1.0,0.0,0.0,1.0,0.0,1.0,0.0,0.0,0.34943660908349244
lakeland-terrier,0.3235294117647059,0.06315789473684211,0.6086956521739131,1.0,0.5,0.5,0.25,0.25,0.0,0.0,0.5,0.75,0.5,0.75,0.5,0.5,0.5,0.75,0.7157360406091371,0.0,0.25,1.0,0.0,1.0,1.0,0.0,0.0,0.10075160514864742
lancashire-heeler,0.17647058823529413,0.042105263157894736,0.6086956521739131,1.0,1.0,1.0,0.5,0.0,0.0,0.0,0.75,0.75,0.5,0.75,0.75,0.75,0.75,0.75,1.0,0.0,0.25,1.0,0.0,0.0,1.0,0.0,0.0,0.10527174800065286
lapponian-herder,0.49019607843137253,0.34210526315789475,0.4782608695652174,1.0,0.5,0.5,0.5,0.25,0.25,0.0,0.5,0.5,0.75,0.75,0.75,0.75,0.75,0.75,1.0,1.0,0.25,1.0,0.0,0.0,1.0,0.0,0.0,0.4916375318907682
leonberger,0.9117647058823529,0.7105263157894737,0.043478260869565216,1.0,1.0,0.5,0.75,0.75,0.5,1.0,1.0,0.5,0.75,0.75,1.0,0.5,0.5,0.75,0.5126903553299492,1.0,0.5,0.0,0.0,1.0,1.0,0.0,0.0,0.6493821945295174
lhasa-apso,0.1568627450980392,0.05263157894736842,0.6086956521739131,1.0,0.5,0.5,0.0,0.5,0.0,1.0,0.5,0.5,1.0,1.0,0.5,0.5,0.5,0.5,0.4213197969543147,1.0,0.25,1.0,1.0,1.0,0.0,1.0,0.0,0.14337009489612723
lowchen,0.2549019607843137,0.05263157894736842,0.6521739130434783,1.0,1.0,0.5,0.25,0.25,0.0,1.0,0.5,0.75,0.75,0.75,0.75,0.5,0.5,0.5,0.7918781725888325,1.0,0.25,1.0,1.0,1.0,0.0,1.0,0.0,0.1009529070570363
maltese,0.058823529411764705,0.010526315789473684,0.6086956521739131,1.0,0.5,0.5,0.0,0.75,0.0,1.0,0.5,0.5,0.75,0.75,0.5,0.5,0.5,0.5,0.19289340101522842,1.0,0.25,0.0,1.0,0.0,0.0,1.0,0.0,0.057899461400359065
manchester-terrier-(standard),0.35294117647058826,0.06315789473684211,0.8260869565217391,1.0,0.75,0.5,0.25,0.25,0.0,0.0,0.5,0.75,0.75,0.75,0.75,0.75,0.75,0.5,0.6192893401015228,1.0,0.25,1.0,0.0,0.0,0.0,0.0,1.0,0.09214107835756065
manchester-terrier-(toy),0.17647058823529413,0.03684210526315789,0.8260869565217391,1.0,0.75,0.5,0.25,0.25,0.0,0.0,0.5,0.75,0.75,0.75,0.75,0.75,0.75,0.5,0.6192893401015228,1.0,0.25,1.0,0.0,0.0,0.0,0.0,1.0,0.09123551493389913
mastiff,0.9215686274509803,1.0,0.13043478260869565,1.0,1.0,0.5,0.5,0.0,0.75,0.0,0.5,0.5,1.0,0.75,0.5,0.5,0.0,0.5,0.17258883248730963,1.0,0.5,0.0,0.0,0.0,1.0,0.0,0.0,0.926391382405745
miniature-american-shepherd,0.37254901960784315,0.13157894736842105,0.5217391304347826,1.0,1.0,1.0,0.5,0.5,0.25,0.5,0.5,0.75,0.5,0.75,1.0,1.0,0.5,1.0,0.14720812182741116,1.0,0.5,1.0,0.0,1.0,1.0,0.0,0.0,0.2122980251346499
miniature-bull-terrier,0.21568627450980393,0.09473684210526316,0.4782608695652174,1.0,0.5,0.5,0.25,0.0,0.25,0.0,0.5,0.75,0.75,0.75,0.5,0.75,1.0,0.75,0.5380710659898477,0.0,0.25,1.0,1.0,1.0,0.0,0.0,1.0,0.2187312986235787
miniature-pinscher,0.18627450980392157,0.021052631578947368,0.6521739130434783,1.0,0.5,0.75,0.5,0.0,0.0,0.0,0.5,0.75,1.0,0.75,0.5,1.0,1.0,1.0,0.38071065989847713,1.0,0.25,1.0,0.0,1.0,0.0,0.0,1.0,0.04631956912028726
miniature-schnauzer,0.2549019607843137,0.05526315789473684,0.6086956521739131,1.0,1.0,0.5,0.5,0.75,0.25,0.5,0.5,0.75,0.75,1.0,1.0,0.5,1.0,0.75,0.08629441624365482,0.0,0.25,1.0,0.0,0.0,1.0,0.0,0.0,0.10689131335450905
mountain-cur,0.4974212952113116,0.21052631578947367,0.43478260869565216,0.5,0.5,0.5,0.5,0.5,0.0,0.0,0.0,1.0,1.0,0.5,1.0,1.0,1.0,1.0,1.0,1.0,0.0,1.0,0.0,1.0,0.0,0.0,1.0,0.28496957504020093
mudi,0.4019607843137255,0.09736842105263158,0.5652173913043478,1.0,0.5,0.5,0.25,0.0,0.25,0.5,0.5,1.0,0.75,0.75,1.0,1.0,0.75,0.75,1.0,1.0,0.25,1.0,1.0,0.0,0.0,1.0,0.0,0.1394195985958895
neapolitan-mastiff,0.8627450980392157,0.7631578947368421,0.13043478260869565,0.5,0.5,0.5,0.5,0.25,1.0,0.0,0.5,0.25,1.0,0.5,0.5,0.25,0.0,0.5,0.5329949238578681,1.0,0.5,1.0,0.0,0.0,0.0,0.0,1.0,0.735424737787017
nederlandse-kooikerhondje,0.4974212952113116,0.25268484977626254,0.6086956521739131,1.0,0.5,0.5,0.5,0.25,0.25,0.5,0.75,0.5,0.5,0.75,1.0,0.75,0.5,0.75,0.7868020304568528,1.0,0.0,0.0,1.0,1.0,1.0,0.0,0.0,0.34943660908349244
newfoundland,0.8431372549019608,0.7105263157894737,0.2608695652173913,1.0,1.0,1.0,0.5,0.25,1.0,0.5,1.0,0.5,1.0,0.75,0.5,0.5,0.0,0.5,0.2233502538071066,1.0,0.5,1.0,1.0,0.0,1.0,0.0,0.0,0.6947935368043088
norfolk-terrier,0.11764705882352941,0.034210526315789476,0.6521739130434783,1.0,1.0,0.5,0.5,0.25,0.0,0.0,1.0,0.75,0.75,0.75,0.5,0.75,0.75,0.75,0.6548223350253807,1.0,0.25,1.0,0.0,1.0,1.0,0.0,0.0,0.10970424265331191
norrbottenspets,0.4215686274509804,0.10526315789473684,0.782608695652174,1.0,0.5,0.5,0.5,0.25,0.0,0.0,0.5,0.5,0.5,0.75,0.75,0.75,0.5,0.5,1.0,1.0,0.25,0.0,1.0,0.0,1.0,0.0,0.0,0.14656675253037754
norwegian-buhund,0.4411764705882353,0.16052631578947368,0.6086956521739131,1.0,0.5,0.5,0.5,0.25,0.0,0.5,0.5,0.5,0.75,0.75,0.5,0.75,0.75,0.75,0.8578680203045685,1.0,0.5,1.0,0.0,0.0,1.0,0.0,0.0,0.23159784560143626
norwegian-elkhound,0.5490196078431373,0.2631578947368421,0.6086956521739131,1.0,0.5,0.5,0.5,0.25,0.25,0.5,0.75,0.75,1.0,0.75,0.75,0.75,0.75,0.75,0.5025380710659898,0.0,0.5,1.0,1.0,0.0,1.0,0.0,0.0,0.33704076717607395
norwegian-lundehund,0.29411764705882354,0.10526315789473684,0.6086956521739131,0.5,0.5,0.5,0.5,0.25,0.0,0.0,0.5,0.5,0.5,0.5,0.5,0.5,0.5,0.5,0.9949238578680203,1.0,0.5,1.0,1.0,1.0,1.0,0.0,0.0,0.19851243908694538
norwich-terrier,0.13725490196078433,0.03684210526315789,0.6086956521739131,1.0,1.0,0.5,0.5,0.25,0.0,0.0,1.0,0.75,0.75,0.75,0.5,0.75,0.75,0.75,0.5583756345177665,0.0,0.25,1.0,0.0,1.0,1.0,0.0,0.0,0.10807899461400358
nova-scotia-duck-tolling-retriever,0.5098039215686274,0.19736842105263158,0.5652173913043478,1.0,1.0,0.75,0.5,0.25,0.25,0.5,0.5,1.0,0.5,0.75,1.0,1.0,0.25,0.75,0.4619289340101523,1.0,0.5,0.0,0.0,1.0,1.0,0.0,0.0,0.25931040832297564
old-english-sheepdog,0.6078431372549019,0.39473684210526316,0.391304347826087,1.0,1.0,0.5,0.5,0.75,0.5,1.0,0.5,0.75,0.75,0.75,0.75,0.5,0.5,0.75,0.34517766497461927,0.0,0.5,1.0,1.0,0.0,1.0,0.0,0.0,0.4842500408030031
otterhound,0.803921568627451,0.5789473684210527,0.43478260869565216,1.0,0.5,0.5,0.25,0.25,0.5,0.5,0.75,0.5,0.5,0.75,0.75,0.5,1.0,0.5,0.8984771573604061,1.0,0.5,1.0,1.0,0.0,1.0,0.0,0.0,0.5804242303344638
papillon,0.11764705882352941,0.013157894736842105,0.7391304347826086,1.0,1.0,0.5,0.5,0.25,0.0,0.5,1.0,1.0,0.75,1.0,1.0,0.75,1.0,1.0,0.26903553299492383,1.0,0.25,1.0,1.0,1.0,0.0,1.0,0.0,0.044694321080978934
parson-russell-terrier,0.29411764705882354,0.05263157894736842,0.6521739130434783,1.0,0.5,1.0,0.25,0.25,0.0,0.0,0.5,0.75,0.5,0.75,0.75,1.0,0.5,0.75,0.5888324873096447,1.0,0.5,0.0,1.0,0.0,0.0,0.0,1.0,0.08822775070530905
pekingese,0.0392156862745098,0.04736842105263158,0.5652173913043478,1.0,0.5,0.5,0.5,0.5,0.0,1.0,0.5,0.75,0.75,0.75,0.5,0.5,0.0,0.5,0.4720812182741117,1.0,0.25,1.0,1.0,1.0,1.0,0.0,0.0,0.21101137043686416
pembroke-welsh-corgi,0.17647058823529413,0.13157894736842105,0.5217391304347826,1.0,0.5,0.75,0.75,0.25,0.0,0.0,0.75,0.75,1.0,0.75,0.75,0.75,0.75,0.75,0.050761421319796954,1.0,0.25,1.0,0.0,1.0,1.0,0.0,0.0,0.34388771013546593
perro-de-presa-canario,0.6862745098039216,0.4842105263157895,0.30434782608695654,0.25,0.0,0.0,0.5,0.0,0.75,0.0,0.0,0.0,1.0,0.25,0.5,0.25,0.5,0.5,1.0,1.0,0.25,0.0,0.0,0.0,0.0,0.0,1.0,0.5468282465589468
peruvian-inca-orchid,0.4411764705882353,0.08947368421052632,0.5652173913043478,1.0,0.5,0.5,0.0,0.0,0.0,0.0,0.5,0.5,0.5,0.5,0.5,0.75,0.5,0.75,1.0,1.0,0.25,1.0,1.0,1.0,0.0,0.0,1.0,0.11416795205704604
petit-basset-griffon-vendeen,0.29411764705882354,0.14473684210526316,0.7391304347826086,0.75,1.0,1.0,0.25,0.25,0.25,1.0,0.75,0.75,0.75,0.75,0.5,0.75,1.0,0.75,0.8121827411167513,0.0,0.25,1.0,1.0,0.0,1.0,0.0,0.0,0.28122595537317263
pharaoh-hound,0.6862745098039216,0.23684210526315788,0.5652173913043478,1.0,0.5,1.0,0.5,0.25,0.0,0.0,0.5,0.5,0.5,0.5,0.75,0.75,0.5,0.75,0.8883248730964467,1.0,0.5,0.0,0.0,1.0,0.0,0.0,1.0,0.24446439257929387
plott-hound,0.6274509803921569,0.2631578947368421,0.5652173913043478,1.0,0.5,0.5,0.5,0.25,0.0,0.5,0.5,0.5,0.5,0.75,0.75,0.5,0.5,0.5,0.8629441624365483,1.0,0.5,1.0,0.0,1.0,0.0,1.0,0.0,0.30021942948334335
pointer,0.7843137254901961,0.3157894736842105,0.6956521739130435,1.0,0.5,1.0,0.5,0.25,0.25,0.0,0.75,0.75,0.5,0.75,1.0,0.75,0.5,0.75,0.6040609137055838,1.0,0.5,1.0,1.0,0.0,0.0,0.0,1.0,0.30151417634903965
polish-lowland-sheepdog,0.49019607843137253,0.18421052631578946,0.5652173913043478,1.0,0.5,0.5,0.25,0.75,0.25,1.0,0.5,0.75,1.0,1.0,0.75,0.5,0.75,0.75,0.9086294416243654,1.0,0.5,1.0,1.0,1.0,1.0,0.0,0.0,0.2478503259945195
pomeranian,0.0,0.0,0.6521739130434783,1.0,0.5,0.5,0.25,0.5,0.0,1.0,0.5,0.5,0.75,0.75,0.5,0.5,0.75,0.5,0.116751269035533,1.0,0.25,1.0,1.0,1.0,1.0,0.0,0.0,0.04156884408230908
poodle-(miniature),0.23529411764705882,0.039473684210526314,0.6521739130434783,1.0,1.0,0.5,0.0,0.75,0.0,1.0,1.0,1.0,0.5,0.75,1.0,0.75,0.75,1.0,0.030456852791878174,1.0,0.25,1.0,1.0,1.0,0.0,1.0,0.0,0.07719928186714542
poodle-(standard),0.3333333333333333,0.3157894736842105,0.6521739130434783,1.0,1.0,0.5,0.0,0.75,0.0,1.0,1.0,1.0,1.0,0.75,1.0,0.75,0.75,1.0,0.030456852791878174,1.0,0.25,1.0,1.0,1.0,0.0,1.0,0.0,0.5918611609814481
poodle-(toy),0.13725490196078433,0.0,0.6521739130434783,1.0,1.0,0.5,0.0,0.75,0.0,1.0,1.0,1.0,0.5,0.75,1.0,0.75,0.75,1.0,0.030456852791878174,1.0,0.25,1.0,1.0,1.0,0.0,1.0,0.0,0.0
porcelaine,0.6274509803921569,0.28157894736842104,0.5217391304347826,1.0,1.0,1.0,0.5,0.0,0.5,0.0,1.0,1.0,0.5,0.75,1.0,0.75,0.25,0.75,1.0,1.0,0.25,0.0,1.0,0.0,0.0,0.0,1.0,0.3242369838420108
portuguese-podengo,0.49019607843137253,0.18157894736842106,0.5217391304347826,1.0,1.0,1.0,0.5,0.25,0.0,0.5,0.5,0.75,0.5,0.75,0.5,0.75,0.5,0.75,1.0,1.0,0.25,1.0,1.0,1.0,0.0,0.0,1.0,0.2437872058962487
portuguese-podengo-pequeno,0.13725490196078433,0.031578947368421054,0.6086956521739131,1.0,1.0,1.0,0.5,0.25,0.0,0.0,0.5,0.75,0.5,0.75,0.5,0.75,0.5,0.75,0.817258883248731,1.0,0.25,1.0,1.0,1.0,0.0,0.0,1.0,0.09263913824057451
portuguese-pointer,0.5784313725490197,0.22105263157894736,0.6521739130434783,1.0,1.0,0.5,0.5,0.0,0.25,0.0,0.75,0.75,0.5,0.75,1.0,1.0,0.5,1.0,1.0,1.0,0.25,0.0,0.0,1.0,0.0,0.0,1.0,0.2642940120392861
portuguese-sheepdog,0.49019607843137253,0.22763157894736843,0.5217391304347826,1.0,0.5,0.5,0.25,0.25,0.25,1.0,0.5,0.5,1.0,0.75,1.0,0.75,0.5,0.75,1.0,1.0,0.25,1.0,0.0,0.0,0.0,1.0,0.0,0.3148918076159879
portuguese-water-dog,0.5882352941176471,0.24210526315789474,0.4782608695652174,1.0,1.0,0.75,0.25,0.75,0.25,1.0,0.75,1.0,0.75,1.0,1.0,1.0,0.5,1.0,0.2182741116751269,1.0,0.5,1.0,1.0,0.0,0.0,1.0,0.0,0.28904847396768407
pudelpointer,0.6862745098039216,0.27631578947368424,0.6521739130434783,1.0,0.5,0.5,0.5,0.0,0.5,0.0,0.5,0.5,0.5,1.0,1.0,0.75,0.5,0.75,1.0,1.0,0.25,1.0,0.0,0.0,0.0,0.0,1.0,0.29271394374625975
pug,0.19607843137254902,0.05789473684210526,0.6521739130434783,1.0,1.0,0.75,0.75,0.25,0.0,0.0,1.0,1.0,0.5,1.0,0.75,0.5,0.0,0.5,0.16243654822335024,0.0,0.25,1.0,0.0,0.0,0.0,0.0,1.0,0.1376161111544766
puli,0.4117647058823529,0.13157894736842105,0.5217391304347826,1.0,0.5,0.5,0.0,1.0,0.25,1.0,0.5,0.5,1.0,0.75,1.0,0.5,0.5,1.0,0.8274111675126904,1.0,0.5,1.0,1.0,0.0,1.0,0.0,0.0,0.19526877178160312
pumi,0.4215686274509804,0.12105263157894737,0.5217391304347826,1.0,0.5,0.5,0.0,0.25,0.25,0.5,0.5,0.75,0.75,0.75,1.0,1.0,0.5,1.0,0.7715736040609137,1.0,0.5,1.0,1.0,0.0,0.0,1.0,0.0,0.1734186766580803
pyrenean-mastiff,0.9411764705882353,0.9210526315789473,0.43478260869565216,1.0,1.0,0.5,0.5,0.5,1.0,0.5,0.5,0.5,1.0,0.5,0.5,0.25,0.0,0.5,1.0,1.0,0.5,1.0,1.0,0.0,1.0,0.0,0.0,0.8340053565647351
pyrenean-shepherd,0.4117647058823529,0.09210526315789473,1.0,1.0,0.5,0.5,0.5,0.25,0.25,0.5,0.5,1.0,1.0,0.75,1.0,1.0,0.75,1.0,0.9695431472081218,0.0,1.0,1.0,1.0,0.0,0.0,0.0,1.0,0.12715175836941597
rafeiro-do-alentejo,0.803921568627451,0.5236842105263158,0.5652173913043478,1.0,0.5,0.5,0.5,0.25,0.5,0.0,0.5,0.5,1.0,1.0,1.0,0.5,0.25,0.5,1.0,1.0,0.25,1.0,0.0,0.0,1.0,0.0,0.0,0.520380344437795
rat-terrier,0.35294117647058826,0.06578947368421052,0.7391304347826086,1.0,1.0,0.5,0.5,0.25,0.0,0.0,1.0,1.0,0.75,0.75,1.0,0.75,0.5,1.0,0.43147208121827413,1.0,0.5,1.0,1.0,1.0,0.0,0.0,1.0,0.0971216771876991
redbone-coonhound,0.7058823529411765,0.27631578947368424,0.6086956521739131,1.0,1.0,1.0,0.5,0.25,0.5,0.0,0.5,0.5,0.5,0.75,0.5,0.5,0.75,0.75,0.7817258883248731,1.0,0.5,0.0,0.0,1.0,0.0,0.0,1.0,0.28516469424394536
rhodesian-ridgeback,0.7647058823529411,0.42105263157894735,0.5334688770722553,1.0,1.0,0.5,0.5,0.25,0.25,0.0,0.5,0.5,1.0,0.75,0.75,0.5,0.25,0.75,0.20304568527918782,1.0,0.5,0.0,0.0,1.0,0.0,0.0,1.0,0.4275652534180362
romanian-carpathian-shepherd,0.4974212952113116,0.25268484977626254,0.5652173913043478,0.5,0.75,0.5,0.5,0.25,0.0,0.5,0.5,0.5,1.0,0.5,0.0,0.25,0.5,1.0,1.0,0.0,0.0,0.0,0.0,0.0,0.0,1.0,0.0,0.34943660908349244
romanian-mioritic-shepherd-dog,0.8431372549019608,0.25268484977626254,0.5652173913043478,1.0,1.0,0.5,0.25,0.25,0.5,0.5,0.0,0.5,1.0,0.5,0.5,0.5,0.0,0.5,1.0,1.0,0.5,0.0,1.0,0.0,1.0,0.0,0.0,0.2151109544334528
rottweiler,0.7450980392156863,0.5789473684210527,0.2608695652173913,1.0,0.5,0.5,0.5,0.0,0.5,0.0,0.5,0.75,1.0,0.75,1.0,0.5,0.0,1.0,0.03553299492385787,0.0,0.5,1.0,0.0,0.0,0.0,0.0,1.0,0.619107966346323
russell-terrier,0.17647058823529413,0.03684210526315789,0.5652173913043478,1.0,0.5,1.0,0.5,0.25,0.0,0.0,1.0,1.0,0.75,0.75,0.5,1.0,0.75,1.0,0.3604060913705584,1.0,0.25,0.0,1.0,0.0,0.0,0.0,1.0,0.09123551493389913
russian-toy,0.11764705882352941,0.007894736842105263,0.5652173913043478,1.0,0.5,0.5,0.5,0.25,0.0,0.0,0.5,0.75,0.75,0.75,0.75,0.5,0.75,0.5,1.0,0.0,0.25,1.0,0.0,1.0,1.0,0.0,0.0,0.028441840687895684
russian-tsvetnaya-bolonka,0.17647058823529413,0.013157894736842105,0.9130434782608695,1.0,1.0,1.0,0.5,0.5,0.0,0.5,0.5,0.5,0.0,1.0,1.0,0.5,0.0,0.0,1.0,1.0,0.25,1.0,0.0,1.0,0.0,1.0,0.0,0.028072466133507418
saint-bernard,0.8823529411764706,0.8157894736842105,0.21739130434782608,1.0,1.0,0.5,0.5,0.25,1.0,0.0,0.5,0.5,1.0,0.75,0.5,0.5,0.0,0.5,0.2639593908629442,1.0,0.5,0.0,1.0,1.0,0.0,0.0,1.0,0.7746548628737696
saluki,0.7450980392156863,0.25,0.6086956521739131,1.0,0.5,0.5,0.25,0.0,0.0,0.0,0.5,0.5,0.0,0.5,0.5,0.75,0.5,1.0,0.6446700507614214,1.0,0.25,1.0,1.0,1.0,0.0,0.0,1.0,0.24068011405639453
samoyed,0.6176470588235294,0.2631578947368421,0.5652173913043478,1.0,1.0,0.5,0.5,0.5,0.0,1.0,1.0,1.0,0.75,0.75,0.75,0.75,1.0,0.75,0.27411167512690354,0.0,0.5,0.0,1.0,0.0,1.0,0.0,0.0,0.3044600891614387
schapendoes,0.45098039215686275,0.1868421052631579,0.6086956521739131,1.0,0.5,1.0,0.25,0.5,0.25,1.0,0.5,0.75,1.0,0.75,1.0,0.75,0.5,0.75,1.0,1.0,0.25,1.0,1.0,1.0,1.0,0.0,0.0,0.27019748653500897
schipperke,0.21568627450980393,0.042105263157894736,0.5652173913043478,1.0,0.5,0.5,0.5,0.25,0.0,0.0,0.5,0.75,1.0,0.75,0.75,0.5,0.75,0.5,0.5786802030456852,1.0,0.5,1.0,1.0,1.0,1.0,0.0,0.0,0.09006582884500298
scottish-deerhound,0.9607843137254902,0.4868421052631579,0.2608695652173913,1.0,0.5,1.0,0.5,0.0,0.0,0.5,0.5,0.5,0.5,0.5,0.5,0.5,0.0,0.5,0.7969543147208121,1.0,0.5,1.0,0.0,0.0,1.0,0.0,0.0,0.40840910407134995
scottish-terrier,0.13725490196078433,0.08157894736842106,0.4782608695652174,1.0,0.5,0.25,0.25,0.5,0.25,0.5,0.5,0.75,1.0,0.75,0.5,0.5,0.75,0.75,0.2893401015228426,0.0,0.25,1.0,0.0,1.0,1.0,0.0,0.0,0.23931777378815078
sealyham-terrier,0.1568627450980392,0.09736842105263158,0.5652173913043478,1.0,0.5,0.5,0.5,0.5,0.0,0.5,0.75,0.5,1.0,0.75,0.75,0.5,0.75,0.75,0.700507614213198,1.0,0.25,0.0,1.0,0.0,1.0,0.0,0.0,0.268359408395315
segugio-italiano,0.6078431372549019,0.25268484977626254,0.4782608695652174,0.5,1.0,1.0,0.5,0.0,0.0,0.5,0.0,0.0,1.0,0.5,1.0,0.5,0.5,0.0,1.0,0.0,0.5,1.0,0.0,0.0,0.0,1.0,0.0,0.2948319279699796
shetland-sheepdog,0.3137254901960784,0.07894736842105263,0.5652173913043478,1.0,1.0,1.0,0.5,0.5,0.0,1.0,0.25,1.0,1.0,1.0,1.0,0.75,1.0,0.75,0.13705583756345177,0.0,0.25,1.0,1.0,0.0,1.0,0.0,0.0,0.13576425431808334
shiba-inu,0.35294117647058826,0.09473684210526316,0.6956521739130435,1.0,0.5,0.5,0.5,0.25,0.0,0.0,0.5,0.5,1.0,0.5,0.25,0.5,0.5,0.75,0.20812182741116753,1.0,0.5,1.0,0.0,1.0,1.0,0.0,0.0,0.15190826431922164
shih-tzu,0.12745098039215685,0.039473684210526314,0.6521739130434783,1.0,1.0,1.0,0.0,0.75,0.0,1.0,0.5,0.5,0.5,1.0,0.75,0.5,0.5,0.5,0.1065989847715736,1.0,0.25,1.0,1.0,1.0,1.0,0.0,0.0,0.12074759471527875
shikoku,0.5098039215686274,0.21052631578947367,0.391304347826087,0.5,0.5,0.5,0.5,0.5,0.0,0.0,0.5,0.5,0.5,0.5,0.5,0.5,0.5,0.5,1.0,0.0,0.25,0.0,0.0,0.0,1.0,0.0,0.0,0.279105095981218
siberian-husky,0.6176470588235294,0.25,0.5652173913043478,1.0,1.0,1.0,0.75,0.25,0.0,0.5,1.0,1.0,0.0,0.75,0.5,1.0,1.0,0.75,0.09137055837563451,1.0,0.5,1.0,1.0,1.0,1.0,0.0,0.0,0.28711193593286666
silky-terrier,0.11764705882352941,0.02631578947368421,0.6521739130434783,1.0,0.5,0.5,0.25,0.5,0.0,1.0,0.75,0.75,1.0,0.75,0.75,0.5,0.75,0.5,0.583756345177665,0.0,0.25,1.0,0.0,0.0,0.0,1.0,0.0,0.08532552206368704
skye-terrier,0.13725490196078433,0.18421052631578946,0.5652173913043478,1.0,0.5,0.5,0.5,0.5,0.0,1.0,0.5,0.5,0.5,0.5,0.5,0.5,0.5,0.5,0.9137055837563451,0.0,0.5,1.0,0.0,0.0,1.0,0.0,0.0,0.5403949730700179
sloughi,0.8235294117647058,0.19736842105263158,0.5217391304347826,0.75,0.5,0.5,0.5,0.0,0.0,0.0,0.25,0.5,0.25,0.5,0.5,0.75,0.25,0.5,0.9746192893401016,1.0,0.5,0.0,0.0,1.0,0.0,0.0,1.0,0.1614166802676677
slovakian-wirehaired-pointer,0.4974212952113116,0.25268484977626254,0.6086956521739131,1.0,0.5,0.75,0.25,0.0,0.25,0.0,0.5,0.5,0.5,0.5,1.0,0.75,0.5,0.5,1.0,1.0,0.0,0.0,0.0,0.0,0.0,1.0,0.0,0.34943660908349244
slovensky-cuvac,0.7352941176470589,0.40789473684210525,0.4782608695652174,1.0,0.5,0.5,0.75,0.25,0.5,0.5,0.25,0.5,1.0,0.5,0.5,0.5,0.0,0.5,1.0,0.0,0.25,0.0,1.0,0.0,1.0,0.0,0.0,0.4272712729082603
slovensky-kopov,0.45098039215686275,0.1763157894736842,0.5217391304347826,1.0,0.5,0.75,0.5,0.0,0.25,0.0,0.5,0.5,0.5,0.5,0.75,0.5,0.5,0.5,1.0,0.0,0.25,1.0,0.0,0.0,0.0,1.0,0.0,0.2530420905645322
small-munsterlander,0.5588235294117647,0.23684210526315788,0.5334688770722553,1.0,0.75,0.5,0.5,0.0,0.25,0.5,0.5,0.5,0.5,0.5,1.0,0.75,0.0,0.75,1.0,1.0,0.25,0.0,1.0,0.0,1.0,0.0,0.0,0.29484545002271206
smooth-fox-terrier,0.35294117647058826,0.06842105263157895,0.6086956521739131,1.0,0.5,0.5,0.5,0.25,0.0,0.0,0.5,0.75,1.0,0.75,0.5,0.75,1.0,0.5,0.6598984771573604,0.0,0.25,1.0,1.0,0.0,0.0,0.0,1.0,0.1021022760178375
soft-coated-wheaten-terrier,0.47058823529411764,0.17105263157894737,0.5652173913043478,1.0,1.0,0.5,0.0,0.75,0.25,0.5,0.5,0.5,0.5,0.5,0.5,0.75,0.5,0.5,0.3299492385786802,0.0,0.5,0.0,0.0,0.0,0.0,1.0,0.0,0.23577077975641714
spanish-mastiff,0.9803921568627451,0.868421052631579,0.391304347826087,1.0,0.5,0.5,0.5,0.0,1.0,0.0,0.5,0.25,1.0,0.5,0.5,0.5,0.0,0.5,1.0,1.0,0.25,1.0,0.0,1.0,0.0,0.0,1.0,0.7560628081274402
spanish-water-dog,0.47549019607843135,0.20789473684210527,0.5652173913043478,1.0,0.75,0.5,0.0,0.75,0.25,0.5,0.5,0.75,0.5,0.5,0.75,0.75,0.5,1.0,0.7309644670050761,1.0,0.5,1.0,1.0,0.0,0.0,1.0,0.0,0.2916992999409589
spinone-italiano,0.7254901960784313,0.25268484977626254,0.391304347826087,1.0,0.5,0.75,0.5,0.25,0.5,0.5,0.5,0.5,0.5,0.5,0.75,0.5,0.25,0.5,0.5431472081218274,1.0,0.5,0.0,1.0,0.0,0.0,1.0,0.0,0.25018818278952454
stabyhoun,0.5294117647058824,0.23684210526315788,0.6521739130434783,1.0,1.0,0.75,0.5,0.0,0.25,0.0,0.5,0.5,0.5,0.5,1.0,0.75,0.5,0.75,1.0,1.0,0.25,1.0,1.0,0.0,0.0,0.0,1.0,0.3087971274685817
staffordshire-bull-terrier,0.3333333333333333,0.14736842105263157,0.5652173913043478,1.0,1.0,0.5,0.25,0.25,0.5,0.0,0.75,0.75,1.0,1.0,1.0,0.75,0.5,0.75,0.3756345177664975,0.0,0.25,1.0,1.0,1.0,0.0,0.0,1.0,0.26247755834829445
standard-schnauzer,0.49019607843137253,0.19736842105263158,0.6956521739130435,1.0,1.0,0.5,0.0,0.5,0.5,0.5,0.5,0.75,1.0,0.75,1.0,0.5,0.5,1.0,0.48223350253807107,0.0,0.5,1.0,0.0,0.0,1.0,0.0,0.0,0.26816592648587356
sussex-spaniel,0.29411764705882354,0.18421052631578946,0.6521739130434783,1.0,0.5,0.5,0.5,0.5,0.5,0.5,0.5,0.75,0.5,0.75,0.75,0.5,0.5,0.5,0.8934010152284264,0.0,0.25,0.0,0.0,0.0,1.0,0.0,0.0,0.3639394716593999
swedish-lapphund,0.45098039215686275,0.17105263157894737,0.5652173913043478,1.0,0.5,0.5,0.5,0.25,0.25,1.0,0.75,0.75,0.75,0.75,1.0,0.75,0.75,0.75,1.0,1.0,0.25,1.0,0.0,0.0,1.0,0.0,0.0,0.24446439257929387
swedish-vallhund,0.25980392156862747,0.11842105263157894,0.6086956521739131,1.0,1.0,0.5,0.75,0.25,0.25,0.0,0.5,0.75,0.5,0.75,0.75,0.75,0.5,0.75,0.8071065989847716,1.0,0.5,1.0,1.0,1.0,1.0,0.0,0.0,0.24630247071898778
taiwan-dog,0.47058823529411764,0.14736842105263157,0.391304347826087,1.0,0.5,0.5,0.5,0.25,0.25,0.0,0.5,0.5,1.0,0.75,0.75,1.0,0.5,0.75,1.0,0.0,0.25,0.0,1.0,0.0,0.0,0.0,1.0,0.1982143723615896
teddy-roosevelt-terrier,0.17647058823529413,0.060526315789473685,0.7391304347826086,1.0,1.0,1.0,0.5,0.0,0.0,0.0,0.0,0.5,0.5,1.0,0.5,0.5,0.5,0.5,1.0,1.0,0.25,1.0,1.0,1.0,0.0,0.0,1.0,0.15439856373429084
thai-ridgeback,0.6078431372549019,0.2631578947368421,0.5217391304347826,1.0,0.5,0.5,0.5,0.0,0.0,0.0,0.5,0.75,1.0,0.5,0.75,0.75,0.5,0.75,1.0,0.0,0.25,1.0,0.0,1.0,0.0,0.0,1.0,0.3087971274685817
tibetan-mastiff,0.7647058823529411,0.6052631578947368,0.391304347826087,0.75,0.5,0.5,0.75,0.5,0.5,0.5,0.0,0.5,1.0,0.5,0.5,0.5,0.5,0.75,0.7411167512690355,1.0,0.5,1.0,0.0,1.0,1.0,0.0,0.0,0.6354094738295815
tibetan-spaniel,0.13725490196078433,0.03684210526315789,0.6086956521739131,1.0,1.0,0.5,0.5,0.25,0.25,0.5,0.75,0.75,0.75,0.75,0.5,0.5,0.5,0.5,0.6294416243654822,1.0,0.25,1.0,1.0,1.0,1.0,0.0,0.0,0.10807899461400358
tibetan-terrier,0.35294117647058826,0.1,0.782608695652174,1.0,0.5,0.5,0.5,0.5,0.25,1.0,0.5,0.5,0.75,0.75,0.5,0.75,0.5,0.75,0.5634517766497462,1.0,0.25,1.0,1.0,1.0,1.0,0.0,0.0,0.16186946197949845
tornjak,0.7450980392156863,0.4263157894736842,0.5652173913043478,1.0,0.5,0.0,0.75,0.25,0.5,0.5,0.5,0.5,1.0,0.5,0.5,0.5,0.5,0.5,1.0,1.0,0.25,0.0,1.0,0.0,1.0,0.0,0.0,0.44351744288379624
tosa,0.5882352941176471,0.7631578947368421,0.391304347826087,1.0,0.5,0.0,0.25,0.0,0.5,0.0,0.0,0.5,1.0,0.5,0.5,0.5,0.5,0.75,1.0,1.0,0.25,1.0,0.0,1.0,0.0,0.0,1.0,1.0
toy-fox-terrier,0.13725490196078433,0.25268484977626254,0.6521739130434783,1.0,0.5,0.5,0.5,0.25,0.0,0.0,1.0,0.75,1.0,0.75,1.0,0.75,0.75,0.75,0.5532994923857868,0.0,0.25,1.0,1.0,0.0,0.0,0.0,1.0,0.7412693797745296
transylvanian-hound,0.6862745098039216,0.2631578947368421,0.4782608695652174,1.0,1.0,1.0,0.5,0.25,0.5,0.0,0.75,1.0,1.0,0.75,0.75,1.0,0.75,1.0,1.0,0.0,0.25,1.0,1.0,1.0,0.0,0.0,1.0,0.2766307600239377
treeing-tennessee-brindle,0.5294117647058824,0.18421052631578946,0.391304347826087,1.0,0.5,1.0,0.25,0.25,0.5,0.0,0.5,0.5,0.5,0.5,0.5,0.5,1.0,0.75,1.0,1.0,0.25,1.0,0.0,0.0,0.0,0.0,1.0,0.23159784560143626
treeing-walker-coonhound,0.7058823529411765,0.2894736842105263,0.5217391304347826,1.0,1.0,1.0,0.5,0.0,0.5,0.0,0.5,0.75,0.5,0.75,1.0,1.0,0.75,1.0,0.7614213197969543,1.0,0.5,1.0,1.0,1.0,0.0,0.0,1.0,0.3009196497270362
vizsla,0.6470588235294118,0.27631578947368424,0.5652173913043478,1.0,1.0,0.75,0.5,0.25,0.25,0.0,0.75,1.0,0.5,1.0,1.0,1.0,0.5,1.0,0.15736040609137056,1.0,0.5,0.0,0.0,1.0,0.0,0.0,1.0,0.3087971274685817
volpino-italiano,0.18627450980392157,0.042105263157894736,0.6086956521739131,1.0,0.5,0.5,0.25,0.0,0.0,1.0,0.0,0.5,0.5,0.0,0.5,0.5,0.0,1.0,1.0,0.0,0.25,0.0,1.0,1.0,0.0,1.0,0.0,0.10121683622581287
weimaraner,0.7647058823529411,0.39473684210526316,0.43478260869565216,1.0,1.0,0.5,0.5,0.25,0.25,0.0,0.5,1.0,1.0,0.75,1.0,1.0,0.5,1.0,0.19796954314720813,0.0,0.5,0.0,0.0,0.0,0.0,0.0,1.0,0.3978732219306726
welsh-springer-spaniel,0.47058823529411764,0.2236842105263158,0.6086956521739131,1.0,1.0,0.75,0.5,0.25,0.25,0.5,0.0,0.5,0.5,0.75,1.0,0.75,0.5,0.75,0.6345177664974619,0.0,0.5,0.0,1.0,1.0,1.0,0.0,0.0,0.31922946285603376
welsh-terrier,0.3333333333333333,0.07894736842105263,0.6086956521739131,1.0,1.0,0.5,0.25,0.5,0.25,0.5,1.0,0.75,0.75,0.75,0.75,0.75,0.75,0.75,0.5482233502538071,0.0,0.25,1.0,0.0,0.0,1.0,0.0,0.0,0.12866546977857568
west-highland-white-terrier,0.17647058823529413,0.06578947368421052,0.6521739130434783,1.0,1.0,0.5,0.5,0.5,0.0,0.5,0.75,1.0,1.0,0.75,0.5,0.75,1.0,0.75,0.22842639593908629,0.0,0.5,0.0,1.0,0.0,1.0,0.0,0.0,0.16843479680104453
wetterhoun,0.6470588235294118,0.3026315789473684,0.5652173913043478,1.0,0.5,0.5,0.5,0.25,0.0,0.5,0.5,0.5,0.5,0.75,0.75,0.5,0.5,0.5,1.0,0.0,0.5,1.0,1.0,0.0,0.0,1.0,0.0,0.34236203262821013
whippet,0.5490196078431373,0.14473684210526316,0.6086956521739131,1.0,1.0,1.0,0.25,0.0,0.0,0.0,0.5,0.75,0.5,0.5,0.5,0.75,0.0,0.75,0.28426395939086296,1.0,0.5,1.0,1.0,1.0,0.0,0.0,1.0,0.16757892893112056
wire-fox-terrier,0.35294117647058826,0.06842105263157895,0.6086956521739131,1.0,1.0,0.5,0.25,0.5,0.25,0.5,1.0,0.75,0.75,0.75,0.75,0.75,0.75,0.75,0.49746192893401014,0.0,0.25,1.0,1.0,0.0,1.0,0.0,0.0,0.1021022760178375
wirehaired-pointing-griffon,0.6470588235294118,0.2894736842105263,0.6086956521739131,1.0,1.0,0.5,0.5,0.25,0.5,0.5,1.0,0.75,0.5,0.75,1.0,1.0,0.5,1.0,0.29949238578680204,1.0,0.5,0.0,1.0,0.0,1.0,0.0,0.0,0.32557958004839593
wirehaired-vizsla,0.6862745098039216,0.2894736842105263,0.5652173913043478,1.0,1.0,0.5,0.5,0.0,0.25,0.0,1.0,1.0,0.5,0.75,1.0,1.0,0.5,1.0,0.7258883248730964,1.0,0.5,0.0,0.0,1.0,0.0,1.0,0.0,0.3087971274685817
working-kelpie,0.6078431372549019,0.20526315789473684,0.6086956521739131,1.0,1.0,0.5,0.5,0.0,0.25,0.0,1.0,1.0,0.75,0.75,1.0,1.0,0.5,1.0,1.0,1.0,0.25,1.0,0.0,1.0,0.0,0.0,1.0,0.23159784560143626
xoloitzcuintli,0.5490196078431373,0.19736842105263158,0.782608695652174,1.0,0.5,0.5,0.0,0.0,0.0,0.0,0.5,0.75,0.5,0.75,0.75,0.75,0.5,0.75,0.5989847715736041,1.0,0.75,1.0,1.0,1.0,0.0,0.0,1.0,0.24289530148443317
yakutian-laika,0.6078431372549019,0.2236842105263158,0.391304347826087,1.0,1.0,0.75,0.75,0.25,0.5,0.5,0.0,0.75,1.0,0.75,0.5,1.0,0.75,1.0,1.0,1.0,0.25,1.0,1.0,1.0,1.0,0.0,0.0,0.2561612534682553
yorkshire-terrier,0.0392156862745098,0.010526315789473684,0.5652173913043478,1.0,1.0,0.5,0.0,1.0,0.0,1.0,1.0,0.75,1.0,1.0,0.75,0.75,0.75,0.75,0.06091370558375635,0.0,0.25,1.0,0.0,0.0,0.0,1.0,0.0,0.06690604428485937
